"nazwa firmy";"nip";"regon";"email";"osoba kontaktowa";"telefon";"vat: [vat-7 lub vat-7k]";"podatek [cit-8 lub pit-5 lub pit-5l]";"pracownicy [1 lub 0]";"ID Urzędu Skarbowego (pobierz z http://ps:3000/urzedy)"
"Alkhameri";"320-300-30-22";"300342211";"al@zaraz.pl";"Abdul alkhameri";"48493838228";"vat-7k";"cit-8";"1";"1"
"Allegro S.A";"845-300-20-32";"300342200";"allegro@zaraz.pl";"Jacek kowalski";"";"vat-7k";"cit-8";"1";"1"
"armia sp. z o. o.";"344-324-23-42";"";"rafathk@tlen.pl";"Zenon Cebula";"3423423";"vat-7";"pit-5";"1";"1"
"Armia Sp. z O. O.";"345-324-23-42";"500342299";"rafathk@tlen.pl";"Zenon cebula";"483423423";"vat-7";"pit-5";"1";"1"
"Firma z Regon";"837-376-43-63";"2003993444";"";"Asdasdsad";"48404938872";"vat-7";"cit-8";"1";"1"
"Jakaś Firma 2";"846-166-18-45";"400342299";"polska@zaraz.pl";"Rafath khan";"48512779001";"vat-7k";"pit-5";"0";"1"
"Makita S.A";"100-202-30-33";"100342299";"synek@zaraz.pl";"Zenek cebula";"48450399201";"vat-7";"cit-8";"0";"1"
"Ziuta Pluta Firma Sp. z o.o.";"892-300-30-32";"300342299";"ziuta@sisto.pl";"Ziutek plutek";"48508292383";"vat-7k";"pit-5l";"1";"1"