187,612;Urząd Skarbowy;Bolesławiec;59-700;Garncarska 10;20101016740004332221000000;67101016740004332222000000;17101016740004332223000000;11101016740004332227000000
457,881;Urząd Skarbowy;Bystrzyca Kłodzka;57-500;Adama Mickiewicza 5;98101016740023782221000000;48101016740023782222000000;95101016740023782223000000;89101016740023782227000000
458,882;Urząd Skarbowy;Dzierżoniów;58-200;Pocztowa 14;88101016740008952221000000;38101016740008952222000000;85101016740008952223000000;79101016740008952227000000
273,693;Urząd Skarbowy;Głogów;67-200;Adama Mickiewicza 53;09101016740006352221000000;56101016740006352222000000;06101016740006352223000000;97101016740006352227000000
274,695;Urząd Skarbowy;Jawor;59-400;Jurija Gagarina 5;54101016740006642221000000;04101016740006642222000000;51101016740006642223000000;45101016740006642227000000
6;Urząd Skarbowy;Jelenia Góra;58-500;Wolności 121;06101016740008402221000000;53101016740008402222000000;03101016740008402223000000;94101016740008402227000000
7;Urząd Skarbowy;Kamienna Góra;58-400;Papieża Jana Pawła II 18;13101016740004912221000000;60101016740004912222000000;10101016740004912223000000;04101016740004912227000000
8;Urząd Skarbowy;Kłodzko;57-300;Stanisławy Walasiewiczówny 1;66101016740020752221000000;16101016740020752222000000;63101016740020752223000000;57101016740020752227000000
9;Urząd Skarbowy;Legnica;59-220;Najświętszej Marii Panny 3;15101016740032322221000000;62101016740032322222000000;12101016740032322223000000;06101016740032322227000000
10;Urząd Skarbowy;Lubań;59-800;Stara 1;28101016740008242221000000;75101016740008242222000000;25101016740008242223000000;19101016740008242227000000
11;Urząd Skarbowy;Lubin;59-300;Marii Skłodowskiej-Curie 94;36101016740020882221000000;83101016740020882222000000;33101016740020882223000000;27101016740020882227000000
12;Urząd Skarbowy;Lwówek Śląski;59-600;Budowlanych 1;04101016740013972221000000;51101016740013972222000000;98101016740013972223000000;92101016740013972227000000
13;Urząd Skarbowy;Milicz;56-300;Składowa 2;02101016740006932221000000;49101016740006932222000000;96101016740006932223000000;90101016740006932227000000
14;Urząd Skarbowy;Nowa Ruda;57-400;Kolejowa 23;89101016740024112221000000;39101016740024112222000000;86101016740024112223000000;80101016740024112227000000
15;Urząd Skarbowy;Oleśnica;56-400;Lwowska 34-38;25101016740098562221000000;72101016740098562222000000;22101016740098562223000000;16101016740098562227000000
16;Urząd Skarbowy;Oława;55-200;Lwowska 1;48101016740039842221000000;95101016740039842222000000;45101016740039842223000000;39101016740039842227000000
17;Urząd Skarbowy;Strzelin;57-100;Bolka I Świdnickiego 14;21101016740008822221000000;68101016740008822222000000;18101016740008822223000000;12101016740008822227000000
18;Urząd Skarbowy;Środa Śląska;55-300;Oławska 5A;61101016740044862221000000;11101016740044862222000000;58101016740044862223000000;52101016740044862227000000
19;Urząd Skarbowy;Świdnica;58-100;Marii Skłodowskiej-Curie 1-3;43101016740054252221000000;90101016740054252222000000;40101016740054252223000000;
20;Urząd Skarbowy;Trzebnica;55-100;Prusicka 2;44101016740045162221000000;91101016740045162222000000;41101016740045162223000000;35101016740045162227000000
21;Urząd Skarbowy;Wałbrzych;58-306;Uczniowska 21;58101016740046912221000000;08101016740046912222000000;55101016740046912223000000;49101016740046912227000000
22;Urząd Skarbowy;Wołów;56-100;Tadeusza Kościuszki 17;83101016740057312221000000;33101016740057312222000000;80101016740057312223000000;74101016740057312227000000
23;Urząd Skarbowy Wrocław-Fabryczna;Wrocław;53-238;Aleksandra Ostrowskiego 5;02101016740014692221000000;49101016740014692222000000;96101016740014692223000000;90101016740014692227000000
24;Urząd Skarbowy Wrocław-Krzyki;Wrocław;53-310;Sztabowa 100;77101016740014852221000000;27101016740014852222000000;74101016740014852223000000;68101016740014852227000000
25;Urząd Skarbowy Wrocław-Psie Pole;Wrocław;50-231;Trzebnicka 33;27101016740017332221000000;74101016740017332222000000;24101016740017332223000000;18101016740017332227000000
26;Urząd Skarbowy Wrocław-Stare Miasto;Wrocław;53-654;Inowrocławska 4;61101016740006062221000000;11101016740006062222000000;58101016740006062223000000;52101016740006062227000000
27;Pierwszy Urząd Skarbowy;Wrocław;50-515;Księdza Czesława Klimasa 34;04101016740000392221000000;51101016740000392222000000;98101016740000392223000000;92101016740000392227000000
28;Urząd Skarbowy Wrocław-Śródmieście;Wrocław;50-044;Marszałka Józefa Piłsudskiego 27/29;41101016740005502221000000;88101016740005502222000000;38101016740005502223000000;32101016740005502227000000
29;Urząd Skarbowy;Ząbkowice Śląskie;57-200;Ludwika Waryńskiego 2A;88101016740020592221000000;38101016740020592222000000;85101016740020592223000000;79101016740020592227000000
30;Urząd Skarbowy;Zgorzelec;59-900;Bohaterów II Armii Wojska Polskiego 8B;43101016740012542221000000;90101016740012542222000000;40101016740012542223000000;34101016740012542227000000
31;Urząd Skarbowy;Złotoryja;59-500;Rynek 42;19101016740021182221000000;66101016740021182222000000;16101016740021182223000000;10101016740021182227000000
32;Urząd Skarbowy;Aleksandrów Kujawski;87-700;Kościelna 18;51101010780024112221000000;98101010780024112222000000;48101010780024112223000000;42101010780024112227000000
33;Urząd Skarbowy;Brodnica;87-300;Generała Władysława Sikorskiego 19;58101010780016742221000000;08101010780016742222000000;55101010780016742223000000;49101010780016742227000000
34;Pierwszy Urząd Skarbowy;Bydgoszcz;85-950;Fordońska 77;93101010780000262221000000;43101010780000262222000000;90101010780000262223000000;84101010780000262227000000
35;Drugi Urząd Skarbowy;Bydgoszcz;85-822;Wojska Polskiego 20B;42101010780050632221000000;89101010780050632222000000;39101010780050632223000000;33101010780050632227000000
36;Trzeci Urząd Skarbowy;Bydgoszcz;85-032;Tadeusza Rejtana 5;09101010780060572221000000;56101010780060572222000000;06101010780060572223000000;97101010780060572227000000
37;Urząd Skarbowy;Chełmno;86-200;Grudziądzka 6;28101010780016872221000000;75101010780016872222000000;25101010780016872223000000;19101010780016872227000000
38;Urząd Skarbowy;Golub-Dobrzyń;87-400;Dr J.G. Koppa 1A;89101010780053112221000000;39101010780053112222000000;86101010780053112223000000;80101010780053112227000000
39;Urząd Skarbowy;Grudziądz;86-300;Droga Łąkowa 23;70101010780026002221000000;20101010780026002222000000;67101010780026002223000000;61101010780026002227000000
40;Urząd Skarbowy;Inowrocław;88-100;al. Niepodległości 5;03101010780089892221000000;50101010780089892222000000;97101010780089892223000000;91101010780089892227000000
41;Urząd Skarbowy;Lipno;87-600;Stanisława Staszica 4;21101010780024242221000000;68101010780024242222000000;18101010780024242223000000;12101010780024242227000000
42;Urząd Skarbowy;Mogilno;88-300;900-lecia 20;98101010780090612221000000;48101010780090612222000000;95101010780090612223000000;89101010780090612227000000
43;Urząd Skarbowy;Nakło n. Notecią;89-100;Sądowa 8;14101010780007362221000000;61101010780007362222000000;11101010780007362223000000;05101010780007362227000000
44;Urząd Skarbowy;Radziejów;88-200;Rolnicza 6;96101010780024402221000000;46101010780024402222000000;93101010780024402223000000;87101010780024402227000000
45;Urząd Skarbowy;Rypin;87-500;Dojazdowa 10;94101010780046462221000000;44101010780046462222000000;91101010780046462223000000;85101010780046462227000000
46;Urząd Skarbowy;Sępólno Krajeńskie;89-400;Tadeusza Kościuszki 22;71101010780055712221000000;21101010780055712222000000;68101010780055712223000000;62101010780055712227000000
47;Urząd Skarbowy;Świecie;86-100;10 Lutego 16;35101010780008532221000000;82101010780008532222000000;32101010780008532223000000;26101010780008532227000000
48;Pierwszy Urząd Skarbowy;Toruń;87-100;Szosa Chełmińska 34/36;17101010780039262221000000;64101010780039262222000000;14101010780039262223000000;08101010780039262227000000
49;Drugi Urząd Skarbowy;Toruń;87-100;Mazowiecka 63/65;85101010780026422221000000;35101010780026422222000000;82101010780026422223000000;76101010780026422227000000
50;Urząd Skarbowy;Tuchola;89-500;Plac Zamkowy 4;93101010780009962221000000;43101010780009962222000000;90101010780009962223000000;84101010780009962227000000
51;Urząd Skarbowy;Wąbrzeźno;87-200;Macieja Rataja 2;36101010780016902221000000;83101010780016902222000000;33101010780016902223000000;27101010780016902227000000
52;Urząd Skarbowy;Włocławek;87-800;Stefana Okrzei 72B;88101010780024372221000000;38101010780024372222000000;85101010780024372223000000;79101010780024372227000000
53;Urząd Skarbowy;Żnin;88-400;Klemensa Janickiego 18;40101010780026132221000000;87101010780026132222000000;37101010780026132223000000;31101010780026132227000000
54;Urząd Skarbowy;Biała Podlaska;21-500;Prosta 19;71101013390015312221000000;21101013390015312222000000;68101013390015312223000000;62101013390015312227000000
55;Urząd Skarbowy;Biłgoraj;23-400;Tadeusza Kościuszki 78;55101013390224772221000000;05101013390224772222000000;52101013390224772223000000;46101013390224772227000000
56;Urząd Skarbowy;Chełm;22-100;Obłońska 20A;88101013390137232221000000;38101013390137232222000000;85101013390137232223000000;79101013390137232227000000
57;Urząd Skarbowy;Hrubieszów;22-500;27 Wołyńskiej Dywizji Piechoty AK 11;29101013390239952221000000;76101013390239952222000000;26101013390239952223000000;20101013390239952227000000
58;Urząd Skarbowy;Janów Lubelski;23-300;Wojska Polskiego 32;21101013390001302221000000;68101013390001302222000000;18101013390001302223000000;12101013390001302227000000
59;Urząd Skarbowy;Krasnystaw;22-300;Rzeczna 5;27101013390019512221000000;74101013390019512222000000;24101013390019512223000000;18101013390019512227000000
60;Urząd Skarbowy;Kraśnik;23-200;Tadeusza Kościuszki 5;30101013390021342221000000;77101013390021342222000000;27101013390021342223000000;21101013390021342227000000
61;Urząd Skarbowy;Lubartów;21-100;Legionów 55;16101013390110772221000000;63101013390110772222000000;13101013390110772223000000;07101013390110772227000000
62;Pierwszy Urząd Skarbowy;Lublin;20-027;Sądowa 5;37101013390000392221000000;84101013390000392222000000;34101013390000392223000000;28101013390000392227000000
63;Drugi Urząd Skarbowy;Lublin;20-883;Tadeusza Szeligowskiego 24;40101013390091462221000000;87101013390091462222000000;37101013390091462223000000;31101013390091462227000000
64;Trzeci Urząd Skarbowy;Lublin;20-016;Prezydenta Gabriela Narutowicza 56;15101013390000552221000000;62101013390000552222000000;12101013390000552223000000;06101013390000552227000000
65;Urząd Skarbowy;Łuków;21-400;Międzyrzecka 72A;88101013390001432221000000;38101013390001432222000000;85101013390001432223000000;79101013390001432227000000
66;Urząd Skarbowy;Opole Lubelskie;24-300;Józefa Piłsudskiego 12;60101013390021212221000000;10101013390021212222000000;57101013390021212223000000;51101013390021212227000000
67;Urząd Skarbowy;Parczew;21-200;Żabia 2A;64101013390057602221000000;14101013390057602222000000;61101013390057602223000000;55101013390057602227000000
68;Urząd Skarbowy;Puławy;24-100;Władysława Grabskiego 4;24101013390020592221000000;71101013390020592222000000;21101013390020592223000000;15101013390020592227000000
69;Urząd Skarbowy;Radzyń Podlaski;21-300;Lubelska 1;33101013390053242221000000;80101013390053242222000000;30101013390053242223000000;24101013390053242227000000
70;Urząd Skarbowy;Tomaszów Lubelski;22-600;Rolnicza 17;98101013390221902221000000;48101013390221902222000000;95101013390221902223000000;89101013390221902227000000
71;Urząd Skarbowy;Włodawa;22-200;Rynek 9;23101013390004462221000000;70101013390004462222000000;20101013390004462223000000;14101013390004462227000000
72;Urząd Skarbowy;Zamość;22-400;Jana Kilińskiego 82;79101013390061902221000000;29101013390061902222000000;76101013390061902223000000;70101013390061902227000000
73;Urząd Skarbowy;Drezdenko;66-530;Pierwszej Brygady 21;68101017040059462221000000;18101017040059462222000000;65101017040059462223000000;59101017040059462227000000
74;Urząd Skarbowy;Gorzów Wielkopolski;66-400;Kazimierza Jagiellończyka 10;35101017040023812221000000;82101017040023812222000000;32101017040023812223000000;26101017040023812227000000
75;Urząd Skarbowy;Krosno Odrzańskie;66-600;Obrońców Stalingradu 3;15101017040047502221000000;62101017040047502222000000;12101017040047502223000000;06101017040047502227000000
76;Urząd Skarbowy;Międzyrzecz;66-300;Rynek 3;41101017040045902221000000;88101017040045902222000000;38101017040045902223000000;32101017040045902227000000
77;Urząd Skarbowy;Nowa Sól;67-100;Stanisława Staszica 1;23101017040034922221000000;70101017040034922222000000;20101017040034922223000000;14101017040034922227000000
78;Urząd Skarbowy;Słubice;69-100;Wojska Polskiego 155;05101017040048192221000000;52101017040048192222000000;02101017040048192223000000;93101017040048192227000000
79;Urząd Skarbowy;Sulęcin;69-200;Ignacego Daszyńskiego 47;98101017040059332221000000;48101017040059332222000000;95101017040059332223000000;89101017040059332227000000
80;Urząd Skarbowy;Świebodzin;66-200;Jana III Sobieskiego 6;88101017040056142221000000;38101017040056142222000000;85101017040056142223000000;79101017040056142227000000
81;Urząd Skarbowy;Wschowa;67-400;Zielony Rynek 7;31101017040059202221000000;78101017040059202222000000;28101017040059202223000000;22101017040059202227000000
82;Pierwszy Urząd Skarbowy;Zielona Góra;65-054;Doktora Pieniężnego 24;70101017040020912221000000;20101017040020912222000000;67101017040020912223000000;61101017040020912227000000
83;Drugi Urząd Skarbowy;Zielona Góra;65-054;Doktora Pieniężnego 24;75101017040055002221000000;25101017040055002222000000;72101017040055002223000000;66101017040055002227000000
84;Urząd Skarbowy;Żagań;68-100;X-lecia 26;02101017040033752221000000;49101017040033752222000000;96101017040033752223000000;90101017040033752227000000
85;Urząd Skarbowy;Żary;68-200;Osadników Wojskowych 3;15101017040055262221000000;62101017040055262222000000;12101017040055262223000000;06101017040055262227000000
86;Urząd Skarbowy;Bełchatów;97-400;Marszałka Józefa Piłsudskiego 18;71101013711411232221000000;21101013711411232222000000;68101013711411232223000000;62101013711411232227000000
87;Urząd Skarbowy;Brzeziny;95-060;Henryka Sienkiewicza 16;26101013710014142221000000;73101013710014142222000000;23101013710014142223000000;17101013710014142227000000
88;Urząd Skarbowy;Głowno;95-015;Ludwika Norblina 2;59101013710004202221000000;09101013710004202222000000;56101013710004202223000000;50101013710004202227000000
89;Urząd Skarbowy;Kutno;99-300;Doktora Antoniego Troczewskiego 12;90101013710020202221000000;40101013710020202222000000;87101013710020202223000000;81101013710020202227000000
90;Urząd Skarbowy;Łask;98-100;9 Maja 31;52101013710029032221000000;02101013710029032222000000;49101013710029032223000000;43101013710029032227000000
91;Urząd Skarbowy;Łowicz;99-400;Józefa Chełmońskiego 2;63101013710027982221000000;13101013710027982222000000;60101013710027982223000000;54101013710027982227000000
92;Pierwszy Urząd Skarbowy Łódź-Bałuty;Łódź;91-066;Zachodnia 47;21101013710000422221000000;68101013710000422222000000;18101013710000422223000000;12101013710000422227000000
93;Drugi Urząd Skarbowy Łódź-Bałuty;Łódź;91-222;Świętej Teresy 105;88101013710000552221000000;38101013710000552222000000;85101013710000552223000000;79101013710000552227000000
94;Pierwszy Urząd Skarbowy Łódź-Górna;Łódź;93-578;Generała Walerego Wróblewskiego 10;36101013710000842221000000;83101013710000842222000000;33101013710000842223000000;27101013710000842227000000
95;Drugi Urząd Skarbowy Łódź-Górna;Łódź;93-578;Generała Walerego Wróblewskiego 10;91101013710011112221000000;41101013710011112222000000;88101013710011112223000000;82101013710011112227000000
96;Urząd Skarbowy Łódź-Polesie;Łódź;90-646;6 Sierpnia 84/86;66101013710000712221000000;16101013710000712222000000;63101013710000712223000000;57101013710000712227000000
97;Urząd Skarbowy Łódź-Śródmieście;Łódź;90-019;Dowborczyków 9/11;58101013710000682221000000;08101013710000682222000000;55101013710000682223000000;49101013710000682227000000
98;Urząd Skarbowy Łódź-Widzew;Łódź;92-312;Papiernicza 7;06101013710000972221000000;53101013710000972222000000;03101013710000972223000000;94101013710000972227000000
99;Urząd Skarbowy;Opoczno;26-300;Piotrowska 14;93101013711411072221000000;43101013711411072222000000;90101013711411072223000000;84101013711411072227000000
100;Urząd Skarbowy;Pabianice;95-200;Zamkowa 26;29101013710004332221000000;76101013710004332222000000;26101013710004332223000000;20101013710004332227000000
101;Urząd Skarbowy;Piotrków Trybunalski;97-300;Wronia 65;71101013710060022221000000;21101013710060022222000000;68101013710060022223000000;62101013710060022227000000
102;Urząd Skarbowy;Poddębice;99-200;Narutowicza 12;76101013710011662221000000;26101013710011662222000000;73101013710011662223000000;67101013710011662227000000
103;Urząd Skarbowy;Radomsko;97-500;Mickiewicza 4;88101013711410932221000000;38101013711410932222000000;85101013711410932223000000;79101013711410932227000000
104;Urząd Skarbowy;Rawa Mazowiecka;96-200;Juliusza Słowackiego 4;35101013710034182221000000;82101013710034182222000000;32101013710034182223000000;26101013710034182227000000
105;Urząd Skarbowy;Sieradz;98-200;Spółdzielcza 3;47101013710023072221000000;94101013710023072222000000;44101013710023072223000000;38101013710023072227000000
106;Urząd Skarbowy;Skierniewice;96-100;Nowobielańska 61B;50101013710013262221000000;97101013710013262222000000;47101013710013262223000000;41101013710013262227000000
107;Urząd Skarbowy;Tomaszów Mazowiecki;97-200;Józefa Montwiłła Mireckiego 37;04101013711411102221000000;51101013711411102222000000;98101013711411102223000000;92101013711411102227000000
108;Urząd Skarbowy;Wieluń;98-300;Krakowskie Przedmieście 34;15101013710029742221000000;62101013710029742222000000;12101013710029742223000000;06101013710029742227000000
109;Urząd Skarbowy;Wieruszów;98-400;Rynek 12/13;53101013710003452221000000;03101013710003452222000000;50101013710003452223000000;44101013710003452227000000
110;Urząd Skarbowy;Zduńska Wola;98-220;Zielona 15;75101013710041122221000000;25101013710041122222000000;72101013710041122223000000;66101013710041122227000000
111;Urząd Skarbowy;Zgierz;95-100;Księdza Jerzego Popiełuszki 8;96101013710004462221000000;46101013710004462222000000;93101013710004462223000000;87101013710004462227000000
112;Urząd Skarbowy;Bochnia;32-700;Gołębia 3;25101012700029162221000000;72101012700029162222000000;22101012700029162223000000;16101012700029162227000000
113;Urząd Skarbowy;Brzesko;32-800;Królowej Jadwigi 16;18101012700029742221000000;65101012700029742222000000;15101012700029742223000000;09101012700029742227000000
114;Urząd Skarbowy;Chrzanów;32-500;Garncarska 9;34101012700011372221000000;81101012700011372222000000;31101012700011372223000000;25101012700011372227000000
115;Urząd Skarbowy;Dąbrowa Tarnowska;33-200;Berka Joselewicza 5;79101012700028152221000000;29101012700028152222000000;76101012700028152223000000;70101012700028152227000000
116;Urząd Skarbowy;Gorlice;38-300;Bardiowska 9;80101012700044282221000000;30101012700044282222000000;77101012700044282223000000;71101012700044282227000000
117;Pierwszy Urząd Skarbowy;Kraków;30-363;Rzemieślnicza 20;25101012700046622221000000;72101012700046622222000000;22101012700046622223000000;16101012700046622227000000
118;Drugi Urząd Skarbowy;Kraków;31-272;Krowoderskich Zuchów 2;83101012700009252221000000;33101012700009252222000000;80101012700009252223000000;74101012700009252227000000
119;Urząd Skarbowy Kraków-Krowodrza;Kraków;31-272;Krowoderskich Zuchów 2;62101012700004202221000000;12101012700004202222000000;59101012700004202223000000;53101012700004202227000000
120;Urząd Skarbowy Kraków-Nowa Huta;Kraków;31-621;os. Bohaterów Września 80;32101012700004332221000000;79101012700004332222000000;29101012700004332223000000;23101012700004332227000000
121;Urząd Skarbowy Kraków-Podgórze;Kraków;30-415;Wadowicka 10;02101012700004462221000000;49101012700004462222000000;96101012700004462223000000;90101012700004462227000000
122;Urząd Skarbowy Kraków-Prądnik;Kraków;31-272;Krowoderskich Zuchów 2;92101012700046752221000000;42101012700046752222000000;89101012700046752223000000;83101012700046752227000000
123;Urząd Skarbowy Kraków-Stare Miasto;Kraków;31-001;Grodzka 65;69101012700004592221000000;19101012700004592222000000;66101012700004592223000000;60101012700004592227000000
124;Urząd Skarbowy Kraków-Śródmieście;Kraków;31-272;Krowoderskich Zuchów 2;54101012700004172221000000;04101012700004172222000000;51101012700004172223000000;45101012700004172227000000
125;Urząd Skarbowy;Limanowa;34-600;Matki Boskiej Bolesnej 9;88101012700044312221000000;38101012700044312222000000;85101012700044312223000000;79101012700044312227000000
126;Urząd Skarbowy;Miechów;32-200;Stanisławy Daneckiej 1;75101012700005342221000000;25101012700005342222000000;72101012700005342223000000;66101012700005342227000000
127;Urząd Skarbowy;Myślenice;32-400;Hipolita Cegielskiego 2;47101012700004752221000000;94101012700004752222000000;44101012700004752223000000;38101012700004752227000000
128;Urząd Skarbowy;Nowy Sącz;33-300;Władysława Barbackiego 10;96101012700031732221000000;46101012700031732222000000;93101012700031732223000000;87101012700031732227000000
129;Urząd Skarbowy;Nowy Targ;34-400;Parkowa 13;56101012700020912221000000;06101012700020912222000000;53101012700020912223000000;47101012700020912227000000
130;Urząd Skarbowy;Olkusz;32-300;Budowlanych 2;93101012700029902221000000;43101012700029902222000000;90101012700029902223000000;84101012700029902227000000
131;Urząd Skarbowy;Oświęcim;32-600;Plebańska 2;81101012700035192221000000;31101012700035192222000000;78101012700035192223000000;72101012700035192227000000
132;Urząd Skarbowy;Proszowice;32-100;Mikołaja Reja 1;17101012700004882221000000;64101012700004882222000000;14101012700004882223000000;08101012700004882227000000
133;Urząd Skarbowy;Sucha Beskidzka;34-200;Adama Mickiewicza 36;89101012700035222221000000;39101012700035222222000000;86101012700035222223000000;80101012700035222227000000
134;Pierwszy Urząd Skarbowy;Tarnów;33-100;Lwowska 72-96A;19101012700024532221000000;66101012700024532222000000;16101012700024532223000000;10101012700024532227000000
135;Drugi Urząd Skarbowy;Tarnów;33-100;al. Solidarności 5-9B;07101012700035642221000000;54101012700035642222000000;04101012700035642223000000;95101012700035642227000000
136;Urząd Skarbowy;Wadowice;34-100;Legionów 22;55101012700029032221000000;05101012700029032222000000;52101012700029032223000000;46101012700029032227000000
137;Urząd Skarbowy;Wieliczka;32-020;Zamkowa 2;25101012700004912221000000;72101012700004912222000000;22101012700004912223000000;16101012700004912227000000
138;Urząd Skarbowy;Zakopane;34-500;Szymony 14;58101012700044442221000000;08101012700044442222000000;55101012700044442223000000;49101012700044442227000000
139;Urząd Skarbowy;Białobrzegi;26-800;Władysława Reymonta 46;13101010100351032221000000;60101010100351032222000000;10101010100351032223000000;04101010100351032227000000
140;Urząd Skarbowy;Ciechanów;06-400;Warszawska 58;35101010100070542221000000;82101010100070542222000000;32101010100070542223000000;26101010100070542227000000
141;Urząd Skarbowy;Garwolin;08-400;Senatorska 30;74101010100023522221000000;24101010100023522222000000;71101010100023522223000000;65101010100023522227000000
142;Urząd Skarbowy;Gostynin;09-500;Płocka 10;93101010100497802221000000;43101010100497802222000000;90101010100497802223000000;84101010100497802227000000
143;Urząd Skarbowy;Grodzisk Mazowiecki;05-825;Daleka 11;29101010100163882221000000;76101010100163882222000000;26101010100163882223000000;20101010100163882227000000
144;Urząd Skarbowy;Grójec;05-600;ks. Piotra Skargi 35;97101010100350862221000000;47101010100350862222000000;94101010100350862223000000;88101010100350862227000000
145;Urząd Skarbowy;Kozienice;26-900;Parkowa 5;20101010100007072221000000;67101010100007072222000000;17101010100007072223000000;11101010100007072227000000
146;Urząd Skarbowy;Legionowo;05-120;Marszałka Józefa Piłsudskiego 43C;92101010100161572221000000;42101010100161572222000000;89101010100161572223000000;83101010100161572227000000
147;Urząd Skarbowy;Łosice;08-200;11 Listopada 1;17101010100000392221000000;64101010100000392222000000;14101010100000392223000000;08101010100000392227000000
148;Urząd Skarbowy;Maków Mazowiecki;06-200;Kopernika 6C;85101010100595742221000000;35101010100595742222000000;82101010100595742223000000;76101010100595742227000000
149;Urząd Skarbowy;Mińsk Mazowiecki;05-300;Szczecińska 2;72101010100091172221000000;22101010100091172222000000;69101010100091172223000000;63101010100091172227000000
150;Urząd Skarbowy;Mława;06-500;Gabriela Narutowicza 19/7;15101010100917762221000000;62101010100917762222000000;12101010100917762223000000;06101010100917762227000000
151;Urząd Skarbowy;Nowy Dwór Mazowiecki;05-100;Legionów 7;91101010100166782221000000;41101010100166782222000000;88101010100166782223000000;82101010100166782227000000
152;Urząd Skarbowy;Ostrołęka;07-400;Przechodnia 6;48101010100284112221000000;95101010100284112222000000;45101010100284112223000000;39101010100284112227000000
153;Urząd Skarbowy;Ostrów Mazowiecka;07-300;Stanisława Dubois 1;94101010100433422221000000;44101010100433422222000000;91101010100433422223000000;85101010100433422227000000
154;Urząd Skarbowy;Otwock;05-400;Jana Matejki 4;22101010100167372221000000;69101010100167372222000000;19101010100167372223000000;13101010100167372227000000
155;Urząd Skarbowy;Piaseczno;05-500;Energetyczna 5;40101010100161862221000000;87101010100161862222000000;37101010100161862223000000;31101010100161862227000000
156;Urząd Skarbowy;Płock;09-402;1 Maja 10;13101010100070702221000000;60101010100070702222000000;10101010100070702223000000;04101010100070702227000000
157;Urząd Skarbowy;Płońsk;09-100;Spółdzielcza 2;13101010100918482221000000;60101010100918482222000000;10101010100918482223000000;04101010100918482227000000
158;Urząd Skarbowy;Pruszków;05-800;Stanisława Staszica 1;46101010100162612221000000;93101010100162612222000000;43101010100162612223000000;37101010100162612227000000
159;Urząd Skarbowy;Przasnysz;06-300;Świerkowa 3;53101010100596592221000000;03101010100596592222000000;50101010100596592223000000;44101010100596592227000000
160;Urząd Skarbowy;Pułtusk;06-100;Żwirki i Wigury 7;95101010100918062221000000;45101010100918062222000000;92101010100918062223000000;86101010100918062227000000
161;Pierwszy Urząd Skarbowy;Radom;26-615;Stanisława Zbrowskiego 106;49101010100096542221000000;96101010100096542222000000;46101010100096542223000000;40101010100096542227000000
162;Drugi Urząd Skarbowy;Radom;26-600;Toruńska 3;07101010100027272221000000;54101010100027272222000000;04101010100027272223000000;95101010100027272227000000
163;Urząd Skarbowy;Siedlce;08-110;Józefa Piłsudskiego 68;54101010100332392221000000;04101010100332392222000000;51101010100332392223000000;45101010100332392227000000
164;Urząd Skarbowy;Sierpc;09-200;Piastowska 48;95101010100091622221000000;45101010100091622222000000;92101010100091622223000000;86101010100091622227000000
165;Urząd Skarbowy;Sochaczew;96-500;Władysława Grabskiego 4;10101010100161992221000000;57101010100161992222000000;07101010100161992223000000;98101010100161992227000000
166;Urząd Skarbowy;Sokołów Podlaski;08-300;Węgrowska 5;69101010100272672221000000;19101010100272672222000000;66101010100272672223000000;60101010100272672227000000
167;Urząd Skarbowy;Szydłowiec;26-500;Widok 6;67101010100350992221000000;17101010100350992222000000;64101010100350992223000000;58101010100350992227000000
168;Urząd Skarbowy Warszawa-Bemowo;Warszawa;02-325;Białobrzeska 53A;11101010100165512221000000;58101010100165512222000000;08101010100165512223000000;02101010100165512227000000
169;Urząd Skarbowy Warszawa-Bielany;Warszawa;01-844;Skalbmierska 5;39101010100166102221000000;86101010100166102222000000;36101010100166102223000000;30101010100166102227000000
170;Urząd Skarbowy Warszawa-Mokotów;Warszawa;02-676;Postępu 16A;03101010100165482221000000;50101010100165482222000000;97101010100165482223000000;91101010100165482227000000
171;Urząd Skarbowy Warszawa-Praga;Warszawa;03-719;Jagiellońska 15;78101010100165642221000000;28101010100165642222000000;75101010100165642223000000;69101010100165642227000000
172;Pierwszy Urząd Skarbowy Warszawa-Śródmieście;Warszawa;02-013;Williama Lindleya 14;56101010100165802221000000;06101010100165802222000000;53101010100165802223000000;47101010100165802227000000
173;Drugi Urząd Skarbowy Warszawa-Śródmieście;Warszawa;03-719;Jagiellońska 15;;73101010100165932222000000;;17101010100165932227000000
174;Trzeci Urząd Skarbowy Warszawa-Śródmieście;Warszawa;02-013;Williama Lindleya 14;09101010100166232221000000;56101010100166232222000000;06101010100166232223000000;97101010100166232227000000
175;Urząd Skarbowy Warszawa-Targówek;Warszawa;03-482;Dąbrowszczaków 14;48101010100165772221000000;95101010100165772222000000;45101010100165772223000000;39101010100165772227000000
176;Urząd Skarbowy Warszawa-Ursynów;Warszawa;02-677;Wynalazek 3;85101010100165062221000000;35101010100165062222000000;82101010100165062223000000;76101010100165062227000000
177;Urząd Skarbowy Warszawa-Wawer;Warszawa;04-379;Ludwika Mycielskiego 21;76101010100166362221000000;26101010100166362222000000;73101010100166362223000000;67101010100166362227000000
178;Urząd Skarbowy Warszawa-Wola;Warszawa;01-381;Powstańców Śląskich 2D;31101010100166072221000000;78101010100166072222000000;28101010100166072223000000;22101010100166072227000000
179;Urząd Skarbowy;Węgrów;07-100;Kościelna 4;97101010100273262221000000;47101010100273262222000000;94101010100273262223000000;88101010100273262227000000
180;Urząd Skarbowy;Wołomin;05-200;Przejazd 2;49101010100160562221000000;96101010100160562222000000;46101010100160562223000000;40101010100160562227000000
181;Urząd Skarbowy;Wyszków;07-200;Generała Józefa Sowińskiego 82;34101010100433682221000000;81101010100433682222000000;31101010100433682223000000;25101010100433682227000000
182;Urząd Skarbowy;Zwoleń;26-700;Wojska Polskiego 39;30101010100350732221000000;77101010100350732222000000;27101010100350732223000000;21101010100350732227000000
183;Urząd Skarbowy;Żuromin;09-300;Plac Piłsudskiego 4;82101010100917892221000000;32101010100917892222000000;79101010100917892223000000;73101010100917892227000000
184;Urząd Skarbowy;Żyrardów;96-300;1 Maja 49A;53101010100162032221000000;03101010100162032222000000;50101010100162032223000000;44101010100162032227000000
185;Urząd Skarbowy;Brzeg;49-305;Składowa 2;31101014010047892221000000;78101014010047892222000000;28101014010047892223000000;22101014010047892227000000
186;Urząd Skarbowy;Głubczyce;48-100;Fabryczna 2;14101014010048192221000000;61101014010048192222000000;11101014010048192223000000;05101014010048192227000000
187;Urząd Skarbowy;Kędzierzyn Koźle;47-224;Piotra Skargi 19;61101014010047762221000000;11101014010047762222000000;58101014010047762223000000;52101014010047762227000000
188;Urząd Skarbowy;Kluczbork;46-200;Sienkiewicza 22;52101014010052942221000000;02101014010052942222000000;49101014010052942223000000;43101014010052942227000000
189;Urząd Skarbowy;Krapkowice;47-300;Opolska 96A;69101014010055552221000000;19101014010055552222000000;66101014010055552223000000;60101014010055552227000000
190;Urząd Skarbowy;Namysłów;46-100;Plac Wolności 1;22101014010048222221000000;69101014010048222222000000;19101014010048222223000000;13101014010048222227000000
191;Urząd Skarbowy;Nysa;48-300;Bolesława Krzywoustego 23;80101014010053532221000000;30101014010053532222000000;77101014010053532223000000;71101014010053532227000000
192;Urząd Skarbowy;Oleśno;46-300;Jana Pieloka 21;42101014010007072221000000;89101014010007072222000000;39101014010007072223000000;33101014010007072227000000
193;Pierwszy Urząd Skarbowy;Opole;45-331;Tadeusza Rejtana 3B;93101014010012962221000000;43101014010012962222000000;90101014010012962223000000;84101014010012962227000000
194;Drugi Urząd Skarbowy;Opole;45-358;Cementowa 6;35101014010007652221000000;82101014010007652222000000;32101014010007652223000000;26101014010007652227000000
195;Urząd Skarbowy;Prudnik;48-200;Kopernika 1A;44101014010048062221000000;91101014010048062222000000;41101014010048062223000000;35101014010048062227000000
196;Urząd Skarbowy;Strzelce Opolskie;47-100;Opolska 13;39101014010047922221000000;86101014010047922222000000;36101014010047922223000000;30101014010047922227000000
197;Urząd Skarbowy;Brzozów;36-200;Kazimierzowska 1;90101015280910952221000000;40101015280910952222000000;87101015280910952223000000;81101015280910952227000000
198;Urząd Skarbowy;Dębica;39-200;Kolejowa 21;75101015280003582221000000;25101015280003582222000000;72101015280003582223000000;66101015280003582227000000
199;Urząd Skarbowy;Jarosław;37-500;Przemysłowa 2 A;86101015280056852221000000;36101015280056852222000000;83101015280056852223000000;77101015280056852227000000
200;Urząd Skarbowy;Jasło;38-200;Stanisława Staszica 3;02101015280015312221000000;49101015280015312222000000;96101015280015312223000000;90101015280015312227000000
201;Urząd Skarbowy;Kolbuszowa;36-100;Tadeusza Kościuszki 20;89101015282006442221000000;39101015282006442222000000;86101015282006442223000000;80101015282006442227000000
202;Urząd Skarbowy;Krosno;38-400;Składowa 5;94101015280039422221000000;44101015280039422222000000;91101015280039422223000000;85101015280039422227000000
203;Urząd Skarbowy;Lesko;38-600;Rynek 1;95101015280911092221000000;45101015280911092222000000;92101015280911092223000000;86101015280911092227000000
204;Urząd Skarbowy;Leżajsk;37-300;Plac Targowy 3;76101015282005302221000000;26101015282005302222000000;73101015282005302223000000;67101015282005302227000000
205;Urząd Skarbowy;Lubaczów;37-600;Jana III Sobieskiego 6;84101015280057572221000000;34101015280057572222000000;81101015280057572223000000;75101015280057572227000000
206;Urząd Skarbowy;Łańcut;37-100;Józefa Piłsudskiego 11;57101015282011172221000000;07101015282011172222000000;54101015282011172223000000;48101015282011172227000000
207;Urząd Skarbowy;Mielec;39-300;Stefana Żeromskiego 13;96101015282002952221000000;46101015282002952222000000;93101015282002952223000000;87101015282002952227000000
208;Urząd Skarbowy;Przemyśl;37-700;Lwowska 9A;15101015280020332221000000;62101015280020332222000000;12101015280020332223000000;06101015280020332227000000
209;Urząd Skarbowy;Przeworsk;37-200;Tysiąclecia 1;32101015280057862221000000;79101015280057862222000000;29101015280057862223000000;23101015280057862227000000
210;Urząd Skarbowy;Ropczyce;39-100;Świętej Barbary 12;05101015282011462221000000;52101015282011462222000000;02101015282011462223000000;93101015282011462227000000
211;Pierwszy Urząd Skarbowy;Rzeszów;35-309;Podwisłocze 42;92101015280010072221000000;42101015280010072222000000;89101015280010072223000000;83101015280010072227000000
212;Drugi Urząd Skarbowy;Rzeszów;35-234;Lucjana Siemieńskiego 18;85101015280010652221000000;35101015280010652222000000;82101015280010652223000000;76101015280010652227000000
213;Urząd Skarbowy;Sanok;38-500;Sienkiewicza 1;73101015280911252221000000;23101015280911252222000000;70101015280911252223000000;64101015280911252227000000
214;Urząd Skarbowy;Stalowa Wola;37-450;Metalowców 6;92101015281441792221000000;42101015281441792222000000;89101015281441792223000000;83101015281441792227000000
215;Urząd Skarbowy;Strzyżów;38-100;Daszyńskiego 6;80101015282011622221000000;30101015282011622222000000;77101015282011622223000000;71101015282011622227000000
216;Urząd Skarbowy;Tarnobrzeg;39-400;Stanisława Wyspiańskiego 12;04101015281440492221000000;51101015281440492222000000;98101015281440492223000000;92101015281440492227000000
217;Urząd Skarbowy;Ustrzyki Dolne;38-700;Mikołaja Kopernika 1;06101015280911122221000000;53101015280911122222000000;03101015280911122223000000;94101015280911122227000000
218;Urząd Skarbowy;Augustów;16-300;Żabia 7;05101010490213402221000000;52101010490213402222000000;02101010490213402223000000;93101010490213402227000000
219;Pierwszy Urząd Skarbowy;Białystok;15-219;Świętojańska 13;95101010490071392221000000;45101010490071392222000000;92101010490071392223000000;86101010490071392227000000
220;Drugi Urząd Skarbowy;Białystok;15-502;Plażowa 17;19101010490026002221000000;66101010490026002222000000;16101010490026002223000000;10101010490026002227000000
221;Urząd Skarbowy;Bielsk Podlaski;17-100;Adama Mickiewicza 33;73101010490106472221000000;23101010490106472222000000;70101010490106472223000000;64101010490106472227000000
222;Urząd Skarbowy;Grajewo;19-200;Elewatorska 8;35101010490017332221000000;82101010490017332222000000;32101010490017332223000000;26101010490017332227000000
223;Urząd Skarbowy;Kolno;18-500;Wojska Polskiego 20;82101010490016902221000000;32101010490016902222000000;79101010490016902223000000;73101010490016902227000000
224;Urząd Skarbowy;Łomża;18-400;Polowa 47;05101010490009702221000000;52101010490009702222000000;02101010490009702223000000;93101010490009702227000000
225;Urząd Skarbowy;Mońki;19-100;Ełcka 41A;49101010490005502221000000;96101010490005502222000000;46101010490005502223000000;40101010490005502227000000
226;Urząd Skarbowy;Siemiatycze;17-300;Pałacowa 18;07101010490275732221000000;54101010490275732222000000;04101010490275732223000000;95101010490275732227000000
227;Urząd Skarbowy;Sokółka;16-100;Białostocka 47;09101010490180922221000000;56101010490180922222000000;06101010490180922223000000;97101010490180922227000000
228;Urząd Skarbowy;Suwałki;16-400;1 Maja 2A;03101010490001692221000000;50101010490001692222000000;97101010490001692223000000;91101010490001692227000000
229;Urząd Skarbowy;Wysokie Mazowieckie;18-200;Ludowa 21;91101010490002992221000000;41101010490002992222000000;88101010490002992223000000;82101010490002992227000000
230;Urząd Skarbowy;Zambrów;18-300;Jantarowa 16;93101010490005182221000000;43101010490005182222000000;90101010490005182223000000;84101010490005182227000000
231;Urząd Skarbowy;Bytów;77-100;1 Maja 16;59101011400008372221000000;09101011400008372222000000;56101011400008372223000000;50101011400008372227000000
232;Urząd Skarbowy;Chojnice;89-600;Młyńska 22;05101011400005502221000000;52101011400005502222000000;02101011400005502223000000;93101011400005502227000000
233;Urząd Skarbowy;Człuchów;77-300;Jerzego z Dąbrowy 5 E;43101011400017042221000000;90101011400017042222000000;40101011400017042223000000;34101011400017042227000000
234;Pierwszy Urząd Skarbowy;Gdańsk;80-822;Rzeźnicka 54/56;20101011400149482221000000;67101011400149482222000000;17101011400149482223000000;11101011400149482227000000
235;Drugi Urząd Skarbowy;Gdańsk;80-391;Kołobrzeska 43;83101011400066662221000000;33101011400066662222000000;80101011400066662223000000;74101011400066662227000000
236;Trzeci Urząd Skarbowy;Gdańsk;80-560;Żaglowa 2;81101011400165352221000000;31101011400165352222000000;78101011400165352223000000;72101011400165352227000000
237;Pierwszy Urząd Skarbowy;Gdynia;81-353;Władysława IV 2/4;98101011400143712221000000;48101011400143712222000000;95101011400143712223000000;89101011400143712227000000
238;Drugi Urząd Skarbowy;Gdynia;81-061;Hutnicza 25;51101011400165482221000000;98101011400165482222000000;48101011400165482223000000;42101011400165482227000000
239;Urząd Skarbowy;Kartuzy;83-300;Kościerska 13;81101011400144012221000000;31101011400144012222000000;78101011400144012223000000;72101011400144012227000000
240;Urząd Skarbowy;Kościerzyna;83-400;Stanisława Staszica 6;29101011400144302221000000;76101011400144302222000000;26101011400144302223000000;20101011400144302227000000
241;Urząd Skarbowy;Kwidzyn;82-500;3 Maja 6;10101011400023102221000000;57101011400023102222000000;07101011400023102223000000;98101011400023102227000000
242;Urząd Skarbowy;Lębork;84-300;Słupska 23;17101011400078782221000000;64101011400078782222000000;14101011400078782223000000;08101011400078782227000000
243;Urząd Skarbowy;Malbork;82-200;Mikołaja Kopernika 10;47101011400023362221000000;94101011400023362222000000;44101011400023362223000000;38101011400023362227000000
244;Urząd Skarbowy;Pruszcz Gdański;83-000;Ignacego Łukasiewicza 2;66101011400200822221000000;16101011400200822222000000;63101011400200822223000000;57101011400200822227000000
245;Urząd Skarbowy;Puck;84-100;Komandora Edwarda Szystowskiego 18;68101011400143842221000000;18101011400143842222000000;65101011400143842223000000;59101011400143842227000000
246;Urząd Skarbowy;Słupsk;76-200;Szczecińska 59;27101011400030562221000000;74101011400030562222000000;24101011400030562223000000;18101011400030562227000000
247;Urząd Skarbowy;Sopot;81-808;23 Marca 9/11;90101011400143682221000000;40101011400143682222000000;87101011400143682223000000;81101011400143682227000000
248;Urząd Skarbowy;Starogard Gdański;83-200;Lubichowska 4;96101011400144432221000000;46101011400144432222000000;93101011400144432223000000;87101011400144432227000000
249;Urząd Skarbowy;Tczew;83-100;Gdańska 33;66101011400144562221000000;16101011400144562222000000;63101011400144562223000000;57101011400144562227000000
250;Urząd Skarbowy;Wejherowo;84-200;Jana III Sobieskiego 346;38101011400143972221000000;85101011400143972222000000;35101011400143972223000000;29101011400143972227000000
251;Urząd Skarbowy;Będzin;42-500;I Armii Wojska Polskiego 1;48101012123050332221000000;95101012123050332222000000;45101012123050332223000000;39101012123050332227000000
252;Pierwszy Urząd Skarbowy;Bielsko-Biała;43-300;Teodora Sixta 17;67101012120049102221000000;17101012120049102222000000;64101012120049102223000000;58101012120049102227000000
253;Drugi Urząd Skarbowy;Bielsko-Biała;43-300;Generała Stanisława Maczka 73;84101012120056562221000000;34101012120056562222000000;81101012120056562223000000;75101012120056562227000000
254;Urząd Skarbowy;Bytom;41-902;Wrocławska 92;46101012123051052221000000;93101012123051052222000000;43101012123051052223000000;37101012123051052227000000
255;Urząd Skarbowy;Chorzów;41-506;Armii Krajowej 5;37101012123073692221000000;84101012123073692222000000;34101012123073692223000000;28101012123073692227000000
256;Urząd Skarbowy;Cieszyn;43-400;Ignacego Kraszewskiego 4;91101012120027852221000000;41101012120027852222000000;88101012120027852223000000;82101012120027852227000000
257;Urząd Skarbowy;Czechowice-Dziedzice;43-502;Nad Białką 1A;73101012120003292221000000;23101012120003292222000000;70101012120003292223000000;64101012120003292227000000
258;Pierwszy Urząd Skarbowy;Częstochowa;42-200;Filomatów 18/20;24101012120014142221000000;71101012120014142222000000;21101012120014142223000000;15101012120014142227000000
259;Drugi Urząd Skarbowy;Częstochowa;42-200;Tkacka 3;06101012120016742221000000;53101012120016742222000000;03101012120016742223000000;94101012120016742227000000
260;Urząd Skarbowy;Dąbrowa Górnicza;41-300;Zygmunta Krasińskiego 33A;41101012123054792221000000;88101012123054792222000000;38101012123054792223000000;32101012123054792227000000
261;Pierwszy Urząd Skarbowy;Gliwice;44-100;Góry Chełmskiej 15;32101012123055122221000000;79101012123055122222000000;29101012123055122223000000;23101012123055122227000000
262;Drugi Urząd Skarbowy;Gliwice;44-100;Młodego Hutnika 2;72101012123185252221000000;22101012123185252222000000;69101012123185252223000000;63101012123185252227000000
263;Urząd Skarbowy;Jastrzębie-Zdrój;44-335;11 Listopada 13;02101012123068832221000000;49101012123068832222000000;96101012123068832223000000;90101012123068832227000000
264;Urząd Skarbowy;Jaworzno;43-600;Grunwaldzka 274;14101012123057722221000000;61101012123057722222000000;11101012123057722223000000;05101012123057722227000000
265;Pierwszy Urząd Skarbowy;Katowice;40-063;Żwirki i Wigury 17;89101012120011112221000000;39101012120011112222000000;86101012120011112223000000;80101012120011112227000000
266;Drugi Urząd Skarbowy;Katowice;40-282;Ignacego Jana Paderewskiego 32B;11101012123165502221000000;58101012123165502222000000;08101012123165502223000000;02101012123165502227000000
267;Urząd Skarbowy;Kłobuck;42-100;Rynek Jana Pawła II nr 13;45101012120015312221000000;92101012120015312222000000;42101012120015312223000000;36101012120015312227000000
268;Urząd Skarbowy;Lubliniec;42-700;Ignacego Paderewskiego 7B;17101012120014722221000000;64101012120014722222000000;14101012120014722223000000;08101012120014722227000000
269;Urząd Skarbowy;Mikołów;43-190;Maksymiliana Hubera 4;84101012123068412221000000;34101012123068412222000000;81101012123068412223000000;75101012123068412227000000
270;Urząd Skarbowy;Mysłowice;41-400;Adama Mickiewicza 4;78101012123059902221000000;28101012123059902222000000;75101012123059902223000000;69101012123059902227000000
271;Urząd Skarbowy;Myszków;42-300;Kazimierza Pułaskiego 68;54101012120014982221000000;04101012120014982222000000;51101012120014982223000000;45101012120014982227000000
272;Urząd Skarbowy;Piekary Śląskie;41-940;Bytomska 92;69101012123187302221000000;19101012123187302222000000;66101012123187302223000000;60101012123187302227000000
273;Urząd Skarbowy;Pszczyna;43-200;3 Maja 4;23101012123060302221000000;70101012123060302222000000;20101012123060302223000000;14101012123060302227000000
274;Urząd Skarbowy;Racibórz;47-400;Stanisława Drzymały 32;75101012123060982221000000;25101012123060982222000000;72101012123060982223000000;66101012123060982227000000
275;Urząd Skarbowy;Ruda Śląska;41-700;Kokotek 6;04101012123062292221000000;51101012123062292222000000;98101012123062292223000000;92101012123062292227000000
276;Urząd Skarbowy;Rybnik;44-200;Plac Armii Krajowej 3;31101012123064212221000000;78101012123064212222000000;28101012123064212223000000;22101012123064212227000000
277;Urząd Skarbowy;Siemianowice Śląskie;41-100;Generała Karola Świerczewskiego 84;75101012123116272221000000;25101012123116272222000000;72101012123116272223000000;66101012123116272227000000
278;Urząd Skarbowy;Sosnowiec;41-200;3 Maja 20;14101012123065482221000000;61101012123065482222000000;11101012123065482223000000;05101012123065482227000000
279;Urząd Skarbowy;Tarnowskie Góry;42-600;Opolska 23;93101012123067112221000000;43101012123067112222000000;90101012123067112223000000;84101012123067112227000000
280;Urząd Skarbowy;Tychy;43-100;al. Niepodległości 60;76101012123068382221000000;26101012123068382222000000;73101012123068382223000000;67101012123068382227000000
281;Urząd Skarbowy;Wodzisław Śląski;44-300;Bartosza Głowackiego 4;32101012123068702221000000;79101012123068702222000000;29101012123068702223000000;23101012123068702227000000
282;Urząd Skarbowy;Zabrze;41-800;Bytomska 2;05101012123070662221000000;52101012123070662222000000;02101012123070662223000000;93101012123070662227000000
283;Urząd Skarbowy;Zawiercie;42-400;Leśna 8;02101012123072712221000000;49101012123072712222000000;96101012123072712223000000;90101012123072712227000000
284;Urząd Skarbowy;Żory;44-240;Wodzisławska 1;10101012123115422221000000;57101012123115422222000000;07101012123115422223000000;98101012123115422227000000
285;Urząd Skarbowy;Żywiec;34-300;Krasińskiego 11;91101012120014272221000000;41101012120014272222000000;88101012120014272223000000;82101012120014272227000000
286;Urząd Skarbowy;Busko-Zdrój;28-100;12 Stycznia 17;04101012380800992221000000;51101012380800992222000000;98101012380800992223000000;92101012380800992227000000
287;Urząd Skarbowy;Jędrzejów;28-300;11 Listopada 33;90101012380802042221000000;40101012380802042222000000;87101012380802042223000000;81101012380802042227000000
288;Pierwszy Urząd Skarbowy;Kielce;25-661;Wróbla 17;29101012380803632221000000;76101012380803632222000000;26101012380803632223000000;20101012380803632227000000
289;Drugi Urząd Skarbowy;Kielce;25-647;Częstochowska 20;05101012380850102221000000;52101012380850102222000000;02101012380850102223000000;93101012380850102227000000
290;Urząd Skarbowy;Końskie;26-200;Marszałka Piłsudskiego 156B;56101012380809432221000000;06101012380809432222000000;53101012380809432223000000;47101012380809432227000000
291;Urząd Skarbowy;Opatów;27-500;Jana Kilińskiego 9;84101012380852702221000000;34101012380852702222000000;81101012380852702223000000;75101012380852702227000000
292;Urząd Skarbowy;Ostrowiec Świętokrzyski;27-400;Polna 11;37101012380811422221000000;84101012380811422222000000;34101012380811422223000000;28101012380811422227000000
293;Urząd Skarbowy;Pińczów;28-400;Grodziskowa 1;82101012380811712221000000;32101012380811712222000000;79101012380811712223000000;73101012380811712227000000
294;Urząd Skarbowy;Sandomierz;27-600;Żydowska 1;54101012380852832221000000;04101012380852832222000000;51101012380852832223000000;45101012380852832227000000
295;Urząd Skarbowy;Skarżysko-Kamienna;26-110;1 Maja 56;28101012380812722221000000;75101012380812722222000000;25101012380812722223000000;19101012380812722227000000
296;Urząd Skarbowy;Starachowice;27-200;Składowa 33;71101012380813732221000000;21101012380813732222000000;68101012380813732223000000;62101012380813732227000000
297;Urząd Skarbowy;Staszów;28-200;Oględowska 12;67101012380853002221000000;17101012380853002222000000;64101012380853002223000000;58101012380853002227000000
298;Urząd Skarbowy;Bartoszyce;11-200;Bohaterów Warszawy 5;12101013970080062221000000;59101013970080062222000000;09101013970080062223000000;03101013970080062227000000
299;Urząd Skarbowy;Braniewo;14-500;Jana Matejki 6;54101013970023232221000000;04101013970023232222000000;51101013970023232223000000;45101013970023232227000000
300;Urząd Skarbowy;Działdowo;13-200;Plac Mickiewicza 26;69101013970010072221000000;19101013970010072222000000;66101013970010072223000000;60101013970010072227000000
301;Urząd Skarbowy;Elbląg;82-300;Adama Mickiewicza 43;66101013970025702221000000;16101013970025702222000000;63101013970025702223000000;57101013970025702227000000
302;Urząd Skarbowy;Ełk;19-300;Wojska Polskiego 67;47101013970010232221000000;94101013970010232222000000;44101013970010232223000000;38101013970010232227000000
303;Urząd Skarbowy;Giżycko;11-500;I Dywizji im. Tadeusza Kościuszki 15;77101013970010102221000000;27101013970010102222000000;74101013970010102223000000;68101013970010102227000000
304;Urząd Skarbowy;Iława;14-200;Wojska Polskiego 26;18101013970081782221000000;65101013970081782222000000;15101013970081782223000000;09101013970081782227000000
305;Urząd Skarbowy;Kętrzyn;11-400;Powstańców Warszawy 13;80101013970080802221000000;30101013970080802222000000;77101013970080802223000000;71101013970080802227000000
306;Urząd Skarbowy;Nidzica;13-100;Żeromskiego 11;26101013970081812221000000;73101013970081812222000000;23101013970081812223000000;17101013970081812227000000
307;Urząd Skarbowy;Nowe Miasto Lubawskie;13-300;Działyńskich 3;92101013970010522221000000;42101013970010522222000000;89101013970010522223000000;83101013970010522227000000
308;Urząd Skarbowy;Olecko;19-400;Wojska Polskiego 7;84101013970010492221000000;34101013970010492222000000;81101013970010492223000000;75101013970010492227000000
309;Urząd Skarbowy;Olsztyn;10-950;al. Marszałka Józefa Piłsudskiego 59;87101013970055002221000000;37101013970055002222000000;84101013970055002223000000;78101013970055002227000000
310;Urząd Skarbowy;Ostróda;14-100;Olsztyńska 5B;33101013970081232221000000;80101013970081232222000000;30101013970081232223000000;24101013970081232227000000
311;Urząd Skarbowy;Pisz;12-200;Okopowa 2;17101013970010362221000000;64101013970010362222000000;14101013970010362223000000;08101013970010362227000000
312;Urząd Skarbowy;Szczytno;12-100;Warszawska 5;93101013970081942221000000;43101013970081942222000000;90101013970081942223000000;84101013970081942227000000
313;Urząd Skarbowy;Chodzież;64-800;Ofiar Gór Morzewskich 1;88101014690007072221000000;38101014690007072222000000;85101014690007072223000000;79101014690007072227000000
314;Urząd Skarbowy;Czarnków;64-700;Pocztowa 4;52101014690061742221000000;02101014690061742222000000;49101014690061742223000000;43101014690061742227000000
315;Urząd Skarbowy;Gniezno;62-200;Spichrzowa 4;03101014690013422221000000;50101014690013422222000000;97101014690013422223000000;91101014690013422227000000
316;Urząd Skarbowy;Gostyń;63-800;Lipowa 2;53101014690035192221000000;03101014690035192222000000;50101014690035192223000000;44101014690035192227000000
317;Urząd Skarbowy;Grodzisk Wielkopolski;62-065;Chopina 7;67101014690040822221000000;17101014690040822222000000;64101014690040822223000000;58101014690040822227000000
318;Urząd Skarbowy;Jarocin;63-200;Osiedle Kościuszki 21;33101014690000682221000000;80101014690000682222000000;30101014690000682223000000;24101014690000682227000000
319;Pierwszy Urząd Skarbowy;Kalisz;62-800;Wrocławska 12;61101014690001272221000000;11101014690001272222000000;58101014690001272223000000;52101014690001272227000000
320;Drugi Urząd Skarbowy;Kalisz;62-800;Targowa 1;26101014690004172221000000;73101014690004172222000000;23101014690004172223000000;17101014690004172227000000
321;Urząd Skarbowy;Kępno;63-600;Rynek 4;41101014690000712221000000;88101014690000712222000000;38101014690000712223000000;32101014690000712227000000
322;Urząd Skarbowy;Koło;62-600;Bolesława Prusa 10;91101014690001142221000000;41101014690001142222000000;88101014690001142223000000;82101014690001142227000000
323;Urząd Skarbowy;Konin;62-510;Zakładowa 7A;07101014690002282221000000;54101014690002282222000000;04101014690002282223000000;95101014690002282227000000
324;Urząd Skarbowy;Kościan;64-000;Młyńska 5;31101014690035352221000000;78101014690035352222000000;28101014690035352223000000;22101014690035352227000000
325;Urząd Skarbowy;Krotoszyn;63-700;Polna 32;11101014690000842221000000;58101014690000842222000000;08101014690000842223000000;02101014690000842227000000
326;Urząd Skarbowy;Leszno;64-100;Adama Mickiewicza 7;05101014690016582221000000;52101014690016582222000000;02101014690016582223000000;93101014690016582227000000
327;Urząd Skarbowy;Międzychód;64-400;Marszałka Piłsudskiego 2;61101014690048802221000000;11101014690048802222000000;58101014690048802223000000;52101014690048802227000000
328;Urząd Skarbowy;Nowy Tomyśl;64-300;Kolejowa 38;25101014690009382221000000;72101014690009382222000000;22101014690009382223000000;16101014690009382227000000
329;Urząd Skarbowy;Oborniki;64-600;Rynek 4;96101014690007102221000000;46101014690007102222000000;93101014690007102223000000;87101014690007102227000000
330;Urząd Skarbowy;Ostrów Wielkopolski;63-400;Chłapowskiego 45;78101014690000972221000000;28101014690000972222000000;75101014690000972223000000;69101014690000972227000000
331;Urząd Skarbowy;Ostrzeszów;63-500;Władysława Grabskiego 1;34101014690004202221000000;81101014690004202222000000;31101014690004202223000000;25101014690004202227000000
332;Urząd Skarbowy;Piła;64-920;Juliusza Kossaka 106;86101014690059202221000000;36101014690059202222000000;83101014690059202223000000;77101014690059202227000000
333;Urząd Skarbowy;Pleszew;63-300;M. Bogusza 6;66101014690007232221000000;16101014690007232222000000;63101014690007232223000000;57101014690007232227000000
334;Urząd Skarbowy Poznań-Grunwald;Poznań;60-179;Mariana Smoluchowskiego 1;72101014690037082221000000;22101014690037082222000000;69101014690037082223000000;63101014690037082227000000
335;Urząd Skarbowy Poznań-Jeżyce;Poznań;60-823;Juliusza Słowackiego 22;32101014690026262221000000;79101014690026262222000000;29101014690026262223000000;23101014690026262227000000
336;Urząd Skarbowy Poznań-Nowe Miasto;Poznań;61-055;Warszawska 183/185;20101014690041252221000000;67101014690041252222000000;17101014690041252223000000;11101014690041252227000000
337;Pierwszy Urząd Skarbowy;Poznań;60-965;Dezyderego Chłapowskiego 17/18;18101014690000262221000000;65101014690000262222000000;15101014690000262223000000;09101014690000262227000000
338;Urząd Skarbowy Poznań-Wilda;Poznań;61-558;Wierzbięcice 45;21101014690032162221000000;68101014690032162222000000;18101014690032162223000000;12101014690032162227000000
339;Urząd Skarbowy Poznań-Winogrady;Poznań;60-685;Zygmunta Wojciechowskiego 3/5;09101014690039392221000000;56101014690039392222000000;06101014690039392223000000;97101014690039392227000000
340;Urząd Skarbowy;Rawicz;63-900;Stanisława Staszica 4;39101014690022772221000000;86101014690022772222000000;36101014690022772223000000;30101014690022772227000000
341;Urząd Skarbowy;Słupca;62-400;Wspólna 1;28101014690003452221000000;75101014690003452222000000;25101014690003452223000000;19101014690003452227000000
342;Urząd Skarbowy;Szamotuły;64-500;Bolesława Chrobrego 17A;67101014690015602221000000;17101014690015602222000000;64101014690015602223000000;58101014690015602227000000
343;Urząd Skarbowy;Śrem;63-100;Wojska Polskiego 12;08101014690006772221000000;55101014690006772222000000;05101014690006772223000000;96101014690006772227000000
344;Urząd Skarbowy;Środa Wielkopolska;63-000;Harcerska 2;86101014690004882221000000;36101014690004882222000000;83101014690004882223000000;77101014690004882227000000
345;Urząd Skarbowy;Turek;62-700;Konińska 1;93101014690000422221000000;43101014690000422222000000;90101014690000422223000000;84101014690000422227000000
346;Urząd Skarbowy;Wągrowiec;62-100;Kościuszki 19A;13101014690062202221000000;60101014690062202222000000;10101014690062202223000000;04101014690062202227000000
347;Urząd Skarbowy;Wolsztyn;64-200;Dworcowa 15;19101014690046462221000000;66101014690046462222000000;16101014690046462223000000;10101014690046462227000000
348;Urząd Skarbowy;Września;62-300;Warszawska 26;77101014690009092221000000;27101014690009092222000000;74101014690009092223000000;68101014690009092227000000
349;Urząd Skarbowy;Złotów;77-400;al. Piasta 25;28101014690062622221000000;75101014690062622222000000;25101014690062622223000000;19101014690062622227000000
350;Urząd Skarbowy;Białogard;78-200;Mickiewicza 3;70101015990176332221000000;20101015990176332222000000;67101015990176332223000000;61101015990176332227000000
351;Urząd Skarbowy;Choszczno;73-200;22 lipca 16;29101015990000972221000000;76101015990000972222000000;26101015990000972223000000;20101015990000972227000000
352;Urząd Skarbowy;Drawsko Pomorskie;78-500;Marszałka Józefa Piłsudskiego 35-37;40101015990176462221000000;87101015990176462222000000;37101015990176462223000000;31101015990176462227000000
353;Urząd Skarbowy;Goleniów;72-100;Plac Lotników 1;57101015990056852221000000;07101015990056852222000000;54101015990056852223000000;48101015990056852227000000
354;Urząd Skarbowy;Gryfice;72-300;Niepodległości 54A;27101015990056982221000000;74101015990056982222000000;24101015990056982223000000;18101015990056982227000000
355;Urząd Skarbowy;Gryfino;74-100;Szczecińska 24;70101015990057022221000000;20101015990057022222000000;67101015990057022223000000;61101015990057022227000000
356;Urząd Skarbowy;Kamień Pomorski;72-400;Mieszka I 5B;87101015990056722221000000;37101015990056722222000000;84101015990056722223000000;78101015990056722227000000
357;Urząd Skarbowy;Kołobrzeg;78-100;Amii Krajowej 2;10101015990176592221000000;57101015990176592222000000;07101015990176592223000000;98101015990176592227000000
358;Pierwszy Urząd Skarbowy;Koszalin;75-216;Przemysłowa 3;67101015990190992221000000;17101015990190992222000000;64101015990190992223000000;58101015990190992227000000
359;Drugi Urząd Skarbowy;Koszalin;75-549;Stanisława Moniuszki 15;89101015990144272221000000;39101015990144272222000000;86101015990144272223000000;80101015990144272227000000
360;Urząd Skarbowy;Myślibórz;74-300;Felczaka 18;12101015990001272221000000;59101015990001272222000000;09101015990001272223000000;03101015990001272227000000
361;Urząd Skarbowy;Pyrzyce;74-200;1 Maja 16;10101015990057282221000000;57101015990057282222000000;07101015990057282223000000;98101015990057282227000000
362;Urząd Skarbowy;Stargard Szczeciński;73-110;Towarowa 15;85101015990057442221000000;35101015990057442222000000;82101015990057442223000000;76101015990057442227000000
363;Pierwszy Urząd Skarbowy;Szczecin;70-217;Michała Drzymały 5;65101015990039422221000000;15101015990039422222000000;62101015990039422223000000;56101015990039422227000000
364;Drugi Urząd Skarbowy;Szczecin;71-417;Zygmunta Felczaka 19;35101015990039552221000000;82101015990039552222000000;32101015990039552223000000;26101015990039552227000000
365;Trzeci Urząd Skarbowy;Szczecin;70-783;Lucjana Rydla 65;91101015990041702221000000;41101015990041702222000000;88101015990041702223000000;82101015990041702227000000
366;Urząd Skarbowy;Szczecinek;78-400;Mickiewicza 13/14;18101015990176622221000000;65101015990176622222000000;15101015990176622223000000;09101015990176622227000000
367;Urząd Skarbowy;Świnoujście;72-600;Kazimierza Pułaskiego 7;55101015990057572221000000;05101015990057572222000000;52101015990057572223000000;46101015990057572227000000
368;Urząd Skarbowy;Wałcz;78-600;Kościuszki 4;63101015990002312221000000;13101015990002312222000000;60101015990002312223000000;54101015990002312227000000
369;Dolnośląski Urząd Skarbowy;Wrocław;51-130;Żmigrodzka 141;19101016740009542221000000;66101016740009542222000000;16101016740009542223000000;10101016740009542227000000
370;Kujawsko-Pomorski Urząd Skarbowy;Bydgoszcz;85-236;Grunwaldzka 50;09101010780052812221000000;56101010780052812222000000;06101010780052812223000000;97101010780052812227000000
371;Lubelski Urząd Skarbowy;Lublin;20-883;Tadeusza Szeligowskiego 24;06101013390077512221000000;53101013390077512222000000;03101013390077512223000000;94101013390077512227000000
372;Lubuski Urząd Skarbowy;Zielona Góra;65-950;Doktora Pieniężnego 24;38101017040059592221000000;85101017040059592222000000;35101017040059592223000000;29101017040059592227000000
373;Łódzki Urząd Skarbowy;Łódź;90-436;al. Kościuszki 85;31101013710105462221000000;78101013710105462222000000;28101013710105462223000000;22101013710105462227000000
374;Małopolski Urząd Skarbowy;Kraków;31-621;oś. Bohaterów Września 80;15101012700043432221000000;62101012700043432222000000;12101012700043432223000000;06101012700043432227000000
375;Pierwszy Mazowiecki Urząd Skarbowy;Warszawa;01-513;Felińskiego 2A;20101010100164212221000000;67101010100164212222000000;17101010100164212223000000;11101010100164212227000000
376;Drugi Mazowiecki Urząd Skarbowy;Warszawa;00-193;Stawki 2;87101010100164342221000000;37101010100164342222000000;84101010100164342223000000;78101010100164342227000000
377;Trzeci Mazowiecki Urząd Skarbowy;Radom;26-610;Struga 26/28;57101010100164472221000000;07101010100164472222000000;54101010100164472223000000;48101010100164472227000000
378;Opolski Urząd Skarbowy;Opole;45-331;Tadeusza Rejtana 3A;13101014010061162221000000;60101014010061162222000000;10101014010061162223000000;04101014010061162227000000
379;Podkarpacki Urząd Skarbowy;Rzeszów;35-959;Geodetów 1;45101015280020202221000000;92101015280020202222000000;42101015280020202223000000;36101015280020202227000000
380;Podlaski Urząd Skarbowy;Białystok;15-404;Młynowa 21A;35101010490042552221000000;82101010490042552222000000;32101010490042552223000000;26101010490042552227000000
381;Pomorski Urząd Skarbowy;Gdańsk;80-749;Żytnia 4/6;36101011400199982221000000;83101011400199982222000000;33101011400199982223000000;27101011400199982227000000
382;Pierwszy Śląski Urząd Skarbowy;Sosnowiec;41-219;Braci Mieroszewskich 97;64101012120059882221000000;14101012120059882222000000;61101012120059882223000000;55101012120059882227000000
383;Drugi Śląski Urząd Skarbowy;Bielsko-Biała;43-300;Warszawska 45;72101012120059912221000000;22101012120059912222000000;69101012120059912223000000;63101012120059912227000000
384;Świętokrzyski Urząd Skarbowy;Kielce;25-647;Częstochowska 20;38101012380857622221000000;85101012380857622222000000;35101012380857622223000000;29101012380857622227000000
385;Warmińsko-Mazurski Urząd Skarbowy;Olsztyn;10-408;Lubelska 37;22101013970029902221000000;69101013970029902222000000;19101013970029902223000000;13101013970029902227000000
386;Pierwszy Wielkopolski Urząd Skarbowy;Poznań;60-818;Henryka Sienkiewicza 22;06101014690007492221000000;53101014690007492222000000;03101014690007492223000000;94101014690007492227000000
387;Drugi Wielkopolski Urząd Skarbowy;Kalisz;62-800;Fabryczna 1A;36101014690007362221000000;83101014690007362222000000;33101014690007362223000000;27101014690007362227000000
388;Zachodniopomorski Urząd Skarbowy;Szczecin;71-011;Mieszka I nr 33;27101015990056012221000000;74101015990056012222000000;24101015990056012223000000;18101015990056012227000000
389;Urząd Skarbowy;Góra;56-200;Poznańska 4;34101016740009962221000000;81101016740009962222000000;31101016740009962223000000;25101016740009962227000000
390;Urząd Skarbowy;Polkowice;59-100;Zachodnia 10;64101016740009832221000000;14101016740009832222000000;61101016740009832223000000;55101016740009832227000000
391;Urząd Skarbowy;Łęczna;21-010;al. Jana Pawła II 95;17101013390079372221000000;64101013390079372222000000;14101013390079372223000000;08101013390079372227000000
392;Urząd Skarbowy;Ryki;08-500;Leona Wyczółkowskiego 10A;41101013390078492221000000;88101013390078492222000000;38101013390078492223000000;32101013390078492227000000
393;Urząd Skarbowy;Łęczyca;99-100;al. Jana Pawła II 17;83101013710105172221000000;33101013710105172222000000;80101013710105172223000000;74101013710105172227000000
394;Urząd Skarbowy;Pajęczno;98-330;1 Maja 9;91101013710105202221000000;41101013710105202222000000;88101013710105202223000000;82101013710105202227000000
395;Urząd Skarbowy;Lipsko;27-300;Solecka 88;65101010100164502221000000;15101010100164502222000000;62101010100164502223000000;56101010100164502227000000
396;Urząd Skarbowy;Przysucha;26-400;Szkolna 7;35101010100164632221000000;82101010100164632222000000;32101010100164632223000000;26101010100164632227000000
397;Urząd Skarbowy;Nisko;37-400;3 Maja 32 B;72101015280026002221000000;22101015280026002222000000;69101015280026002223000000;63101015280026002227000000
398;Urząd Skarbowy;Hajnówka;17-200;3 Maja 34;39101010490057602221000000;86101010490057602222000000;36101010490057602223000000;30101010490057602227000000
399;Urząd Skarbowy;Kazimierza Wielka;28-500;Tadeusza Kościuszki 16;08101012380857752221000000;55101012380857752222000000;05101012380857752223000000;
400;Urząd Skarbowy;Włoszczowa;29-100;Wiśniowa 10;83101012380857912221000000;33101012380857912222000000;80101012380857912223000000;74101012380857912227000000
